cliente_id,nome,data_nascimento
1,Suzanna,2012-09-18
2,Jazmin,1959-09-13
3,Melamie,1967-07-05
4,Vaughn,2007-09-02
5,Derrek,1969-12-30
6,Chelsie,2004-07-25
7,Coleen,1997-06-11
8,Marcus,2021-05-12
9,Derby,1972-06-12
10,Shurwood,1964-11-26
11,Candra,1982-02-28
12,Gregorio,1985-04-30
13,Harold,1999-09-10
14,Basile,2017-05-02
15,Seumas,1981-10-19
16,Stevana,2018-04-10
17,Kin,1998-08-06
18,Patty,1996-12-23
19,Finlay,1963-01-28
20,Michele,2002-08-08
21,Erich,1966-07-16
22,Lisa,1950-10-24
23,Andria,1967-12-10
24,Sascha,1987-02-24
25,Ashlan,2022-01-10
26,Taber,1978-01-03
27,Judi,1965-04-24
28,Carrissa,2022-07-20
29,Gallagher,2025-11-20
30,Vivien,1988-12-10
31,Aguste,1992-10-03
32,Cary,1980-05-17
33,Tyson,1956-01-05
34,Silvie,1975-03-12
35,Evelyn,1951-12-24
36,Therese,1988-02-25
37,Fonz,1978-01-01
38,Kimbell,2004-11-08
39,Jackelyn,2025-09-30
40,Beale,1950-09-14
41,Romy,2002-11-02
42,Araldo,2000-04-11
43,Ammamaria,1950-04-05
44,Dari,2003-03-21
45,Colene,1962-03-26
46,Tomasine,1975-11-24
47,Portia,2021-02-11
48,Jillie,1973-11-20
49,Cinderella,2009-10-09
50,Hillie,2021-12-26
51,Felice,2015-03-29
52,Ardisj,1996-05-31
53,Nikolai,1967-05-11
54,Vicky,2002-12-06
55,Nanny,1980-12-25
56,Gaelan,1989-11-06
57,Maryanna,1973-07-10
58,Geoffry,1980-05-16
59,Myra,2020-02-17
60,Laurence,1974-12-31
61,Debee,1966-04-17
62,Roby,1970-03-29
63,Rex,2021-05-26
64,Marris,1969-06-21
65,Lizzy,1981-05-14
66,Aleen,1968-02-26
67,Egbert,2014-05-09
68,Binny,1966-05-16
69,Erich,2008-07-04
70,Anne,2006-01-29
71,Alwyn,1991-11-12
72,Donna,1977-12-27
73,Charity,2011-03-08
74,Prescott,2014-11-28
75,Tamra,1976-03-27
76,Gilligan,1987-03-07
77,Hyatt,1965-12-30
78,Arly,2001-11-18
79,Iolande,1985-03-15
80,Elliot,1998-06-20
81,Doy,1992-10-09
82,Dolly,1996-04-21
83,Camilla,1973-06-03
84,Chance,1963-08-30
85,Lilah,1992-11-21
86,Hillie,2004-05-12
87,Shelley,2019-12-23
88,Lucky,1964-03-01
89,Rick,1993-06-21
90,Faye,1982-04-30
91,Damian,2012-07-17
92,Didi,1958-02-19
93,Amata,1984-10-12
94,Brennen,1965-07-19
95,Maribeth,1994-05-16
96,Aleksandr,1966-06-19
97,Freeman,2001-08-07
98,Evangelin,1964-09-25
99,Tommy,1968-07-07
100,Nichols,1985-10-07
101,Nero,2013-06-06
102,Kirsten,1959-11-22
103,Marylin,1990-12-28
104,Joella,1974-05-08
105,Denyse,1978-10-20
106,Mandy,1970-04-08
107,Bryan,1977-07-04
108,Mathilde,1990-11-10
109,Lemuel,1976-12-02
110,Ora,2008-12-13
111,Crista,1981-04-20
112,Gino,1955-03-25
113,Dominique,1956-08-17
114,Darrin,1992-03-19
115,Leandra,1975-03-23
116,Magdalen,1954-08-24
117,Abey,2014-10-16
118,Tally,1975-01-26
119,Mendie,1993-11-08
120,Lynnet,2022-08-27
121,Stacey,2018-08-05
122,Deidre,1979-07-08
123,Meghann,1979-01-06
124,Dougie,1976-04-23
125,Braden,1989-05-19
126,Dominic,1997-11-12
127,Robinett,1993-08-13
128,Violette,1983-09-27
129,Eva,1956-01-01
130,Joby,1991-11-10
131,Perl,2015-02-21
132,Leicester,1968-11-06
133,Eva,1999-07-03
134,Gilbertine,1956-04-26
135,Harriett,1952-09-30
136,Lizbeth,1967-02-06
137,Cristy,1975-03-18
138,Darryl,2018-10-13
139,Karlee,1963-07-12
140,Tammy,1959-05-08
141,Allin,2013-10-03
142,Hasheem,1986-03-31
143,Dodie,2012-08-27
144,Darby,1955-01-31
145,Giustino,2001-01-19
146,Brynn,1987-10-23
147,Aveline,1995-03-10
148,Florie,1961-10-19
149,Corey,1995-06-22
150,Benoit,1990-08-29
151,Karlee,1976-08-28
152,Lorianna,1969-10-20
153,Bobette,1985-07-30
154,Elfreda,2016-09-15
155,Jillana,1975-06-12
156,Zea,2016-03-18
157,Marthena,1975-11-05
158,Louise,1976-04-27
159,Addia,2021-11-17
160,Laurie,2023-10-15
161,Mart,2014-12-09
162,Hally,2017-06-05
163,Raynor,1997-02-12
164,Elvyn,1950-12-24
165,Blisse,1961-10-26
166,Abran,2008-08-19
167,Pam,1998-05-24
168,Minna,1955-11-14
169,Lucas,1990-04-23
170,Saunderson,1985-05-12
171,Reinaldo,1987-07-13
172,Carlita,2006-04-12
173,Clementina,1961-12-07
174,Shawn,1979-05-11
175,Josephine,1960-01-23
176,Thalia,1962-03-17
177,Joseph,1971-07-08
178,Rabbi,2006-01-04
179,Lorenzo,1969-10-24
180,Lilia,1999-11-17
181,Valaria,1958-11-27
182,Freddie,1974-09-21
183,Daphene,2008-01-25
184,Becca,2006-01-01
185,Saree,1957-05-24
186,Janel,1996-02-09
187,Davidson,1996-06-19
188,Sandro,2013-07-21
189,Quinn,1973-08-27
190,Vassily,1994-07-31
191,Oralee,2016-01-18
192,Pia,1959-08-05
193,Corny,2023-07-01
194,Alexandre,2011-01-11
195,Becki,1999-01-07
196,Melodie,1975-12-01
197,Mariya,2021-01-27
198,Briney,1990-04-12
199,Charmion,2018-06-12
200,Granville,1983-05-18
201,Larine,1991-07-07
202,Joanie,1954-11-15
203,Nance,1981-02-22
204,Dawn,2018-05-23
205,Mortimer,1966-08-29
206,Dwain,2019-08-15
207,Whitaker,1951-12-16
208,Carleen,2025-08-25
209,Charlotte,1992-01-25
210,Rivalee,1981-03-31
211,Winston,2016-10-10
212,Ole,2003-03-16
213,Jacinta,2014-10-07
214,Cletis,1971-05-27
215,Clayborn,2001-09-18
216,Nina,2013-04-12
217,Nat,1965-04-25
218,Margalit,2021-07-18
219,Skell,1970-06-02
220,Tonie,2004-05-04
221,Ulrick,1976-07-15
222,Sonnie,1980-07-15
223,Abigail,2005-04-14
224,Francyne,1971-02-17
225,Leontyne,2004-07-23
226,Corbie,1983-09-25
227,Cale,2014-10-02
228,Mattheus,1974-12-18
229,Meta,1986-06-30
230,Dore,2001-04-16
231,Kevon,1989-06-10
232,Sibelle,2020-01-26
233,Tildi,2023-06-01
234,Cordell,2006-03-11
235,Bernete,1982-03-18
236,Melly,1985-01-27
237,Far,2015-04-29
238,Ricky,2021-04-07
239,Codi,1984-03-28
240,Simonne,2009-12-21
241,Ladonna,1995-08-25
242,Delinda,1990-12-02
243,Shanta,1986-08-22
244,Colin,2018-02-17
245,Harry,1966-02-05
246,Rici,2004-02-01
247,Sidonia,1972-01-30
248,Ree,1971-04-26
249,Hayes,1982-01-05
250,Alie,1989-11-06
251,Tallia,1996-01-06
252,Carolus,2001-07-05
253,Karen,1956-09-25
254,Sandor,1972-06-10
255,Kendall,1973-10-21
256,Joshua,1980-08-25
257,Meredith,2011-05-05
258,Gustav,1987-03-21
259,Haslett,1951-07-04
260,Yetty,1967-01-10
261,Rem,1979-10-12
262,Nevile,2023-02-23
263,Lisha,1985-09-19
264,Leicester,2011-09-07
265,Emilia,2025-04-07
266,Nanette,1969-03-07
267,Benji,2007-04-16
268,Carleton,2020-12-31
269,Fancie,1985-03-16
270,Astrid,1968-01-09
271,Zia,1961-03-12
272,Fidole,2011-08-26
273,Adiana,2013-08-08
274,Nalani,2005-06-22
275,Truman,2018-07-18
276,Victor,1990-09-03
277,Alana,2005-11-12
278,Grissel,2019-01-13
279,Arman,1972-09-23
280,Mollie,2008-10-30
281,Madelaine,1966-01-05
282,Natal,1960-07-15
283,Ernestus,1987-04-10
284,Carmelina,2012-01-20
285,Rosalinde,1998-08-06
286,Gates,1987-05-26
287,Carmine,1951-03-25
288,Tarrance,1993-08-12
289,Constantino,2011-05-27
290,Monroe,2017-02-14
291,Lacee,1993-03-23
292,Kristan,1970-09-16
293,Kimberly,2021-07-28
294,Paddy,1960-07-10
295,Sampson,2000-08-15
296,Britte,1983-12-19
297,Patric,2005-12-25
298,Agnese,1992-04-02
299,Wheeler,2003-06-21
300,Jacklin,2021-08-03
301,Berty,2005-10-05
302,Rollo,1967-09-06
303,Nefen,1983-02-07
304,Abra,1974-03-17
305,Verine,1970-11-02
306,Staci,2022-01-29
307,Annamarie,2013-01-04
308,Anni,2003-02-01
309,Pris,1956-09-02
310,Augusta,2014-11-18
311,Dalenna,1961-01-01
312,Lorinda,2016-07-07
313,Bruno,1996-09-17
314,Evania,2013-09-06
315,Randa,1954-01-09
316,Ailis,1961-04-13
317,Catherine,1984-09-05
318,Chris,1951-03-05
319,Dolf,1959-07-21
320,Cad,1957-06-16
321,Nerita,2017-10-16
322,Darryl,2020-01-12
323,Codee,2000-07-01
324,Dierdre,1994-01-08
325,Reamonn,1966-05-05
326,Ralina,1969-05-30
327,Vally,1981-04-11
328,Felipa,2023-06-27
329,Zenia,1969-10-15
330,Ivett,1995-11-30
331,Misty,2012-11-02
332,Corrine,1954-10-13
333,Tomaso,1956-12-19
334,Jordan,2001-11-17
335,Shela,2013-02-23
336,Hanny,1999-07-11
337,Averil,1968-10-30
338,Lethia,2022-04-12
339,Almeda,1960-11-05
340,Garv,2009-12-23
341,Karly,1975-12-22
342,Guglielma,1988-02-14
343,Tova,1975-12-09
344,Langston,1958-01-05
345,Jacques,1982-08-28
346,Griffie,1969-02-10
347,Hagan,1989-11-26
348,Maryanne,1962-01-27
349,Dannie,2004-10-11
350,Elbertine,1966-06-27
351,Abagail,1983-08-18
352,Darya,2011-12-13
353,Claudelle,2015-03-27
354,Josias,1952-10-31
355,Ros,1967-01-08
356,Erinn,1981-05-10
357,Randi,1985-03-05
358,Hildegaard,1974-05-17
359,Rosene,2012-08-19
360,Jaynell,1992-07-06
361,Car,1960-09-07
362,Dusty,1960-03-01
363,Sadie,1975-11-26
364,Chip,2025-09-05
365,Carmelina,1964-10-30
366,Camala,1970-05-31
367,Mersey,1970-01-31
368,Tod,1990-08-24
369,Dari,1979-01-05
370,Anallise,1985-12-20
371,Maximilian,2021-03-05
372,Myron,2019-12-19
373,Yolanthe,1964-11-29
374,Marice,1958-01-30
375,Waldo,1996-07-11
376,Ranna,1967-03-09
377,Tommie,1951-08-14
378,Rosanne,1994-10-21
379,Ardith,1996-09-02
380,Sheryl,1978-02-04
381,Starlin,2002-10-22
382,Yevette,2019-08-19
383,Hollie,1976-01-11
384,Pepi,2004-11-23
385,Farah,2010-06-02
386,Nicoli,1985-08-20
387,Davina,2023-09-03
388,Sandye,1979-07-19
389,Ulrick,1988-02-11
390,Averil,2014-01-04
391,Rutter,1956-12-02
392,Craig,1977-08-29
393,Fairfax,1987-09-29
394,Sharla,2000-07-09
395,Fanny,1953-10-11
396,Lonnard,1974-08-13
397,Simon,1973-11-10
398,Donavon,1963-01-03
399,Torr,1950-04-13
400,Townie,1960-12-28
401,Andie,1954-04-10
402,Dorie,1982-06-01
403,Dunn,2009-04-30
404,Alex,1993-10-16
405,Kaine,1957-01-19
406,Margret,1974-10-07
407,Malcolm,1990-04-02
408,Cory,2000-11-15
409,Sabrina,1979-06-17
410,Delmar,2023-07-29
411,Kali,1986-11-14
412,Nike,2015-04-28
413,Bellina,2006-09-06
414,Morlee,1952-04-03
415,Tracee,1952-09-04
416,Cristine,2011-08-03
417,Shane,2025-04-30
418,Tann,2006-05-23
419,Stewart,2012-02-10
420,Filberto,2009-11-18
421,Cristian,2022-05-24
422,Arie,1985-05-02
423,Currie,1973-08-08
424,Torey,1980-11-09
425,Garnette,1979-06-28
426,Blaire,1954-12-13
427,Clevie,1951-05-30
428,Jervis,2025-04-04
429,Alane,1978-08-05
430,Suellen,1998-10-30
431,Elyse,1995-03-18
432,Belle,1962-06-24
433,Stillman,1966-09-26
434,Clyde,2024-07-01
435,Jeralee,1971-10-09
436,Robinett,1990-02-25
437,Ofelia,2008-09-27
438,Kimble,2019-04-23
439,Dolorita,1965-10-15
440,Oswell,1998-05-28
441,Iain,1982-11-10
442,Flore,2005-01-05
443,Vaughn,2023-10-22
444,Demott,2011-04-20
445,Tildy,1971-03-19
446,Leticia,1959-02-13
447,Mathilda,1981-02-01
448,Gabriellia,2014-05-27
449,Ranna,2023-11-25
450,Boonie,1972-11-22
451,Margi,2007-06-24
452,Brynne,1987-01-04
453,Umeko,1982-09-07
454,Esdras,1996-10-29
455,Mirabel,1982-08-01
456,Fidelity,1957-11-26
457,Alejandrina,2015-02-24
458,Reynolds,2002-07-17
459,Roley,1994-11-20
460,Page,1981-04-02
461,Gabi,2010-06-23
462,Mathilda,2010-10-21
463,Gaylor,1955-04-24
464,Alphonso,1983-03-11
465,Jarrad,1978-04-14
466,Paul,1965-03-01
467,Maisey,1987-01-02
468,Ilaire,2000-12-23
469,Piper,1955-02-21
470,D'arcy,1991-10-25
471,Franny,1955-09-11
472,Cristie,1955-12-31
473,Aloisia,2016-06-19
474,Wolfie,1953-08-20
475,Tammie,1958-03-01
476,Neel,1967-09-24
477,Roz,1960-02-03
478,Donaugh,2016-09-17
479,Gilligan,1992-07-14
480,Kai,1978-08-04
481,Siouxie,1976-11-14
482,Barry,2013-12-13
483,Jan,2009-03-28
484,Althea,1979-09-26
485,Vivie,1996-05-13
486,Casper,1963-05-14
487,Esdras,1965-03-06
488,Fowler,1991-11-19
489,Danice,2009-11-24
490,Marlo,1995-01-09
491,Maynard,1986-03-30
492,Beau,1995-12-02
493,Burch,1974-05-26
494,Boy,1975-06-08
495,Doralia,1953-05-28
496,Layla,2012-12-30
497,Rebecka,2019-11-01
498,Arlen,2025-05-27
499,Matias,1954-05-12
500,Dun,2016-02-18
501,Berty,1979-06-01
502,Jarid,1976-11-21
503,James,1971-01-27
504,Marcus,1954-05-14
505,Carolin,2012-03-22
506,Bryna,1971-07-28
507,Stern,1980-02-25
508,Knox,1977-10-18
509,Lorianne,1967-06-17
510,Gil,1987-06-17
511,Erinn,2006-08-28
512,Ogdon,1970-06-01
513,Guy,2009-10-23
514,Andres,1994-01-29
515,Jannelle,2007-05-06
516,Alejoa,2002-10-15
517,Louis,2015-04-22
518,Garrett,2019-12-02
519,Pet,2016-02-05
520,Toby,2001-10-12
521,Tarrah,1994-03-21
522,Jerad,2017-10-28
523,Melesa,1992-08-06
524,Vernice,2022-09-01
525,Kaleena,1981-02-28
526,Keven,1979-12-15
527,Karlie,1959-11-09
528,Johanna,1959-04-17
529,Shae,2019-06-30
530,Harmon,1955-11-15
531,Jan,2011-04-13
532,Nil,1987-12-18
533,Cristiano,1982-01-29
534,Darryl,1951-06-30
535,Haley,1994-01-30
536,Corinna,1954-06-05
537,Drud,1976-05-15
538,Cozmo,1956-08-27
539,Randal,2004-05-25
540,Karlik,1983-09-16
541,Almeria,1968-09-18
542,Mela,2019-03-21
543,Madeline,1964-05-17
544,Catarina,2006-03-03
545,Ranee,2025-09-24
546,Asa,1972-08-16
547,Amalle,1965-10-09
548,Pauli,2001-07-04
549,Noel,1955-09-06
550,Carilyn,2019-10-02
551,Michael,1964-06-23
552,Raina,1984-03-25
553,Fabe,1981-03-10
554,Corinna,1988-08-14
555,Rhoda,1989-02-13
556,Tedie,1968-10-23
557,Karoly,2019-08-02
558,Koressa,2016-12-22
559,Devondra,2020-05-02
560,Corbett,1953-10-12
561,Ludovico,2009-09-15
562,Anders,2022-10-02
563,Evyn,1961-12-04
564,Esmaria,1993-07-07
565,Minna,1984-04-01
566,Roderigo,1979-02-16
567,Flore,1987-05-18
568,Bastien,2011-10-06
569,Woodie,2011-10-23
570,Natividad,2005-10-13
571,Hermann,1959-04-09
572,Odelle,2020-06-12
573,Allys,1974-06-12
574,Bram,1988-05-08
575,Ollie,1992-07-01
576,Elisha,2023-06-28
577,Leia,2021-03-01
578,Carlos,2015-08-28
579,Dorena,1963-01-04
580,Jeno,2022-05-22
581,Margaux,2023-04-16
582,Dominique,2017-03-07
583,Asher,1958-04-15
584,Bill,2010-07-28
585,Grannie,2020-01-28
586,Carrissa,1974-07-09
587,Liliane,2008-10-26
588,Koressa,2023-02-24
589,Pail,2014-04-23
590,Diana,1969-09-30
591,Josie,2024-01-23
592,Zitella,2019-01-14
593,Almire,1987-05-18
594,Morgun,1957-08-14
595,Nissa,1980-03-06
596,Westleigh,1957-01-01
597,Anna-diana,1977-02-09
598,Susan,2008-01-28
599,Egan,1989-04-26
600,Danya,1973-07-06
601,Dionisio,2019-03-20
602,Denney,1983-10-22
603,Inge,2015-02-21
604,Camila,1977-09-02
605,Casar,1993-03-09
606,Duky,1956-09-23
607,Harriot,2017-03-11
608,Claybourne,1957-09-05
609,Dehlia,1965-12-12
610,Vale,2009-04-05
611,Baird,1952-11-27
612,Ashlen,1968-07-30
613,Franciska,2022-12-11
614,Coriss,2018-12-23
615,Herbie,1974-05-14
616,Nikkie,2025-08-14
617,Shelli,1976-08-16
618,Buddy,1998-08-09
619,Haroun,1953-08-12
620,Marjory,1979-06-29
621,Aloysia,1991-11-08
622,Andromache,2004-12-29
623,Maximilianus,1988-06-18
624,Shalna,1986-11-04
625,Berke,1992-01-26
626,Lynelle,2002-07-25
627,Jen,1995-04-25
628,Maxwell,1995-08-06
629,Starlin,1999-01-15
630,Billy,1973-09-02
631,Schuyler,1986-04-30
632,Thane,1953-02-27
633,Penelopa,1959-10-29
634,Val,1988-10-24
635,Rubina,1972-01-11
636,Nye,1997-07-05
637,Rafaellle,1950-07-12
638,Isidore,1964-11-20
639,Carlin,1981-12-15
640,Deanne,1995-07-13
641,Christin,1996-09-04
642,Eugenia,1993-06-09
643,Aurora,2018-12-21
644,Avie,1980-04-20
645,Lanie,2014-03-06
646,Pall,1968-01-29
647,Artemis,1951-02-21
648,Angie,1953-10-31
649,Roy,1956-01-19
650,Judas,2011-06-04
651,Collette,2020-11-28
652,Carmon,2022-12-28
653,Rheba,1957-03-28
654,Skip,2019-07-24
655,Ollie,2010-11-21
656,Truman,1969-07-06
657,Vinson,1969-05-23
658,Mildrid,1978-12-05
659,Si,2007-08-08
660,Jamaal,2023-03-08
661,Cyndia,1968-11-02
662,Gypsy,1998-11-02
663,Rollie,1994-08-22
664,Shanan,1952-09-29
665,Tova,1951-07-08
666,Brenn,1952-03-25
667,Idaline,1976-07-10
668,Nahum,1999-04-08
669,Xenia,2018-12-12
670,Jeremie,1981-04-09
671,Rudie,2019-05-27
672,Salim,1979-05-14
673,Mickie,1976-04-29
674,Ase,2024-05-25
675,Berthe,1959-09-03
676,Hyatt,1977-03-04
677,Derward,1984-02-08
678,Finley,1982-04-15
679,Myrtle,1960-09-04
680,Star,1979-02-15
681,Ben,1958-10-18
682,Helsa,1950-04-19
683,Dukey,1990-03-15
684,Hedwig,2019-07-20
685,Phineas,2002-12-04
686,Rhetta,2019-02-24
687,Waylan,2013-05-24
688,Morna,2025-07-03
689,Lindie,2012-09-07
690,Timofei,2009-08-12
691,Leticia,1986-07-27
692,De,1978-08-02
693,Chantal,1971-08-20
694,Luigi,2021-06-09
695,Ellerey,1987-08-15
696,Florry,1956-10-29
697,Anissa,1993-11-25
698,Lucias,2010-08-20
699,Merrick,1971-02-25
700,Thebault,1967-04-24
701,Ina,1976-08-03
702,Edyth,1991-05-22
703,Adriana,2019-12-13
704,Skipper,1951-06-17
705,Cad,1992-11-08
706,Sybyl,1961-11-09
707,Leela,1983-11-10
708,Alfi,2007-11-13
709,Langsdon,1973-02-10
710,Katerina,1990-08-11
711,Clementine,2015-09-18
712,Aluin,2011-07-09
713,Isahella,1975-06-18
714,Michelle,1965-08-11
715,Irita,2004-07-24
716,Gabriele,1950-09-11
717,Garold,1967-02-28
718,Diana,1962-10-06
719,Martyn,1990-11-27
720,Buiron,2001-12-21
721,Hammad,2013-05-27
722,Thomas,2015-08-25
723,Kellia,1989-08-05
724,Claudian,2003-12-03
725,Janelle,1991-10-02
726,Nels,1978-10-18
727,Rutledge,1987-05-21
728,Zaneta,1983-03-04
729,Jsandye,2021-07-17
730,Valeria,1977-01-27
731,Pearle,1970-11-09
732,Zelig,1955-06-02
733,Keeley,2004-07-25
734,Shanan,1978-10-26
735,Dexter,2000-05-10
736,Alric,2001-07-24
737,Tillie,2023-01-11
738,Rayna,1990-08-26
739,Netty,2004-07-13
740,Trefor,2024-08-02
741,Weber,1962-04-20
742,Patrick,1962-01-14
743,Clem,2016-05-15
744,Sianna,1959-05-12
745,Felicdad,1998-07-23
746,Gwenni,2008-03-27
747,Armstrong,2000-09-07
748,Joane,1961-12-04
749,Jaimie,1983-12-21
750,Cynthia,2021-06-14
751,Sean,1986-09-01
752,Karola,1997-02-03
753,Trisha,1987-09-27
754,Eda,1967-10-03
755,Sybyl,1998-11-04
756,Cynthia,1953-09-05
757,Melisande,1955-02-20
758,Dyann,1984-07-17
759,Fifine,1962-05-24
760,Kendre,1962-03-02
761,Sayres,1953-02-18
762,Leonerd,1998-07-29
763,Dena,1998-02-04
764,Halley,2006-05-15
765,Sig,1997-08-14
766,Tamarra,1954-05-12
767,Giuseppe,1957-10-28
768,Barrett,2005-06-21
769,Kent,2019-08-05
770,Lawton,1958-03-29
771,Conrad,1957-03-08
772,Rurik,1976-08-20
773,Adoree,1952-03-30
774,Carole,1980-10-16
775,Rebeka,1954-05-02
776,Henrik,1996-08-09
777,Zorina,1955-10-11
778,Tove,2001-12-15
779,Nehemiah,2019-08-15
780,Dennet,2025-05-23
781,Lurlene,1970-06-03
782,Romola,1987-02-24
783,Peggy,1985-11-24
784,Cherie,1999-11-11
785,Hephzibah,1965-11-16
786,Bethina,1988-03-05
787,Haven,2020-01-17
788,Clay,1958-12-01
789,Yoshiko,1971-08-10
790,Perri,2022-12-20
791,Rainer,2002-08-19
792,Alanson,2024-09-09
793,Waylin,1969-12-14
794,Tallia,1984-06-10
795,Fanny,1993-06-25
796,Zollie,1953-10-28
797,Ernst,2020-03-03
798,Yvonne,1982-05-28
799,Happy,1980-07-17
800,Jaimie,1999-12-11
801,Isahella,2014-12-31
802,Verna,2021-06-02
803,Jacky,1951-09-18
804,Ailina,1964-08-10
805,Gabey,2003-12-22
806,Norrie,1958-02-11
807,Viola,2013-07-22
808,Kylen,1975-09-12
809,Becky,1998-07-22
810,Aile,2003-06-23
811,Fonzie,2012-09-03
812,Ardis,1987-03-17
813,Sal,1960-11-15
814,Andrea,2006-01-11
815,Jyoti,1981-10-28
816,Cindelyn,1960-12-03
817,Noella,1973-10-20
818,Deana,1961-04-27
819,Salome,1981-06-26
820,Kaitlyn,1951-11-28
821,Brooks,2023-03-19
822,Liane,1986-07-27
823,Tomaso,1963-11-15
824,Eve,2021-02-24
825,Richard,1956-10-28
826,Wilbert,2011-10-21
827,Bernelle,2017-01-05
828,Shanie,1972-06-21
829,Maggi,1990-03-27
830,Juliann,2007-12-30
831,Petrina,1994-05-03
832,Ermanno,1992-07-02
833,Etty,1962-12-07
834,Izzy,1954-11-21
835,Kylila,2008-12-10
836,Faith,1986-03-14
837,Cornelia,2023-07-22
838,Zed,2023-08-26
839,Briny,2000-05-14
840,Ahmed,1966-06-04
841,Nanete,1997-10-08
842,Georgie,1984-05-08
843,Sim,1994-06-02
844,Anabella,2025-03-05
845,Maureen,2006-09-23
846,Fiorenze,1963-02-14
847,Chic,2015-12-05
848,Oralee,1969-06-28
849,Bink,2012-08-06
850,Randell,2017-01-29
851,Floria,1986-07-22
852,Bessie,1989-05-25
853,Nikoletta,1960-05-12
854,Langston,2006-06-27
855,Nancee,2011-10-19
856,Mellie,2013-12-17
857,Laina,2000-05-18
858,Binni,1954-12-14
859,Simeon,1961-09-23
860,Butch,1989-11-10
861,Hewitt,2003-10-26
862,Ailina,1956-05-09
863,Henry,2005-09-27
864,Christiana,1995-11-18
865,Sarita,2003-09-28
866,Alana,2024-02-24
867,Wildon,1997-11-23
868,Wilow,2010-11-01
869,Marinna,1981-07-13
870,Tedmund,1982-08-18
871,Chance,2013-02-03
872,Darlene,2011-01-31
873,Meredithe,2009-02-07
874,Wanids,1998-07-17
875,Philis,2010-11-20
876,Nigel,1970-11-28
877,Viviene,1957-01-05
878,Tommie,2017-03-26
879,Karin,1951-12-14
880,Tiffanie,2023-07-02
881,Clemmy,2000-07-21
882,Dannie,2023-03-30
883,Melli,1953-10-11
884,Ruthanne,2008-05-27
885,Dominick,1983-06-04
886,Silvan,1955-05-28
887,Lennie,2009-08-27
888,Revkah,1966-12-20
889,Javier,1979-03-11
890,Erda,1954-05-06
891,Sherman,1960-09-10
892,Melisandra,2018-06-06
893,Daphene,1961-01-18
894,Aviva,1977-03-22
895,Nobie,2021-08-08
896,Belicia,1966-07-15
897,Kelly,1957-09-18
898,Ado,2012-04-03
899,Abran,2010-06-19
900,Atalanta,1957-01-26
901,Cinderella,1996-06-26
902,Daryl,1953-09-26
903,Marja,1950-02-25
904,Ilaire,1972-08-17
905,Dorey,2006-07-05
906,Dasi,1961-12-20
907,Leonanie,1999-05-26
908,Leanor,1953-09-26
909,Juline,2006-11-04
910,Graig,1964-04-27
911,Michal,1953-08-04
912,Jackson,1989-08-02
913,Jerald,1980-12-26
914,Jilleen,2015-04-21
915,Damaris,1956-07-26
916,Morey,1950-01-30
917,Theodoric,2016-08-12
918,Yvor,1979-04-30
919,Englebert,1994-04-26
920,Carlin,1976-12-01
921,Giustino,1952-10-15
922,Julia,2018-05-06
923,Granger,1979-06-23
924,Corly,1991-12-07
925,Donalt,1955-12-23
926,Huntlee,1958-09-09
927,Kendal,2015-03-02
928,Ingeberg,1962-02-08
929,Caitlin,2013-10-03
930,Vidovik,1991-11-18
931,Rudy,2013-05-21
932,Marnie,1963-12-31
933,Lincoln,1961-08-18
934,Maggie,2017-01-13
935,Kelbee,2016-12-25
936,Darell,2024-12-28
937,Flynn,2005-05-23
938,Bobbette,2011-06-09
939,Monti,1987-02-03
940,Neville,2013-10-13
941,Tandy,1990-08-09
942,Jania,1987-08-13
943,Terrill,2014-04-19
944,Kelbee,1995-02-23
945,Chris,1954-05-21
946,Chad,1957-11-27
947,Ethel,1968-01-27
948,Aurie,1985-06-22
949,Bat,2001-07-19
950,Stacey,2016-04-27
951,Junia,1960-05-29
952,Cherrita,2020-12-14
953,Zulema,1974-08-05
954,Carry,1955-09-12
955,Ilysa,1962-04-11
956,Boone,2020-10-23
957,Giffie,1970-03-23
958,Alice,1950-01-13
959,Clarette,2008-02-17
960,Dante,2020-09-26
961,Auberta,1969-05-25
962,Catherine,2010-08-12
963,Duff,1998-03-01
964,D'arcy,1955-05-05
965,Neddie,1980-08-28
966,Gerladina,2002-04-20
967,Art,1977-07-12
968,Claiborn,1979-01-29
969,Julia,1959-06-03
970,Burlie,2018-06-28
971,Millisent,2002-04-21
972,Dalila,2013-04-27
973,Clerissa,1981-01-04
974,Bambie,1966-05-19
975,Layne,2013-04-26
976,Sibby,2018-02-19
977,Mikel,2004-02-07
978,Xymenes,2014-10-20
979,Julieta,2013-08-02
980,Lynnet,1950-02-20
981,Garik,2013-05-04
982,Adrienne,1971-01-09
983,Collete,1958-02-12
984,Coletta,1993-08-26
985,Jasen,1982-06-15
986,Ilaire,1968-03-06
987,Casandra,2025-03-20
988,Daffi,1963-06-28
989,Louella,1974-08-19
990,Hewett,2010-04-26
991,Theadora,1955-03-29
992,Bennie,1987-12-26
993,Gerhard,1959-09-27
994,Gregoire,1962-05-18
995,Coleman,1959-11-16
996,Svend,1961-08-03
997,Talbert,1991-04-23
998,Freedman,1967-05-05
999,Stuart,2021-12-23
1000,Clayton,1958-07-16
